term,estimate,std.error,statistic,p.value,conf.low,conf.high
(Intercept),0.0121556741640313,0.601932768262067,-7.32633184526223,2.36537659511203e-13,0.00345589672935611,0.0370082725887079
Age,1.03878674787606,0.01209374152638,3.14654017496759,0.00165214562333099,1.01492284444389,1.06440033448791
GenderM,3.72965013325044,0.445953323561604,2.95168655922887,0.00316043564746717,1.56215017645445,9.05163201613829
Adenopathy_BinaryYes,20.9007529088676,0.390296445235897,7.78840089315284,6.78625706949109e-15,10.0081576300031,46.5597849300612
Pathology_SimpleFollicular,4.69136901718297,0.533202667381295,2.89894356450446,0.003744222816928,1.62010524669934,13.3183759179205
Pathology_SimpleHurthel cell,0.458408870377747,0.804532880322983,-0.969498925536646,0.332296316048618,0.0860065485096623,2.07279851059673
FocalityMulti-Focal,2.39826644024003,0.363458109591607,2.40673171599841,0.0160959893927483,1.17196950745576,4.90130820120891
